{
  "count": 1,
  "value": [
    {
      "variables": {
        "azureSubscriptionConnectionName": {
          "value": "azure-mcap"
        },
        "containerRepoConnectionName": {
          "value": "eshop-repo"
        },
        "location": {
          "value": "eastasia"
        },
        "resourceGroupName": {
          "value": "microservices-demo"
        },
        "uniqueSeed": {
          "value": "eshop"
        },
        "newGetPackageUrl": {
          "value": "https://pkgs.dev.azure.com/demo-space/eShopOnContainerApps/_packaging/eshop-feed/nuget/v3/index.json"
        }
      },
      "id": "14",
      "type": "Vsts",
      "name": "Environment",
      "isShared": false
    }
  ]
}