{
  "Extensions": [
    {
      "extensionName": "Build Security Monitoring",
      "link": "<a href='https://marketplace.visualstudio.com/items?itemName=1esblue.build-security-monitoring' target='_blank'><b>Build Security Monitoring</b></a>",
      "publisherId": "1esblue",
      "extensionId": "build-security-monitoring",
      "publisherName": "1ES Security Monitoring",
      "License": "<a href='https://marketplace.visualstudio.com/items?itemName=1esblue.build-security-monitoring' target='_blank'>License Terms</a>"
    },
    {
      "extensionName": "Accessibility Insights for Azure DevOps (Microsoft-Internal)",
      "link": "<a href='https://marketplace.visualstudio.com/items?itemName=accessibility-insights.prod' target='_blank'><b>Accessibility Insights for Azure DevOps (Microsoft-Internal)</b></a>",
      "publisherId": "accessibility-insights",
      "extensionId": "prod",
      "publisherName": "Accessibility Insights",
      "License": "<a href='https://marketplace.visualstudio.com/items?itemName=accessibility-insights.prod' target='_blank'>License Terms</a>"
    },
    {
      "extensionName": "AWS Toolkit for Azure DevOps",
      "link": "<a href='https://marketplace.visualstudio.com/items?itemName=AmazonWebServices.aws-vsts-tools' target='_blank'><b>AWS Toolkit for Azure DevOps</b></a>",
      "publisherId": "AmazonWebServices",
      "extensionId": "aws-vsts-tools",
      "publisherName": "Amazon Web Services",
      "License": "<a href='https://marketplace.visualstudio.com/items?itemName=AmazonWebServices.aws-vsts-tools' target='_blank'>License Terms</a>"
    },
    {
      "extensionName": "1ES Hosted Pool Enforcement",
      "link": "<a href='https://marketplace.visualstudio.com/items?itemName=asg-cloudtest.1es-resource-management-enforcement' target='_blank'><b>1ES Hosted Pool Enforcement</b></a>",
      "publisherId": "asg-cloudtest",
      "extensionId": "1es-resource-management-enforcement",
      "publisherName": "CloudTest",
      "License": "<a href='https://marketplace.visualstudio.com/items?itemName=asg-cloudtest.1es-resource-management-enforcement' target='_blank'>License Terms</a>"
    },
    {
      "extensionName": "Files and Folders View for Test Attachments",
      "link": "<a href='https://marketplace.visualstudio.com/items?itemName=asg-cloudtest.asg-cloudtest-attachments' target='_blank'><b>Files and Folders View for Test Attachments</b></a>",
      "publisherId": "asg-cloudtest",
      "extensionId": "asg-cloudtest-attachments",
      "publisherName": "CloudTest",
      "License": "<a href='https://marketplace.visualstudio.com/items?itemName=asg-cloudtest.asg-cloudtest-attachments' target='_blank'>License Terms</a>"
    },
    {
      "extensionName": "Drop Validator Build Task",
      "link": "<a href='https://marketplace.visualstudio.com/items?itemName=AzureArtifacts.drop-validator-task' target='_blank'><b>Drop Validator Build Task</b></a>",
      "publisherId": "AzureArtifacts",
      "extensionId": "drop-validator-task",
      "publisherName": "Microsoft",
      "License": "<a href='https://marketplace.visualstudio.com/items?itemName=AzureArtifacts.drop-validator-task' target='_blank'>License Terms</a>"
    },
    {
      "extensionName": "Manifest Generator Task",
      "link": "<a href='https://marketplace.visualstudio.com/items?itemName=AzureArtifacts.manifest-generator-task' target='_blank'><b>Manifest Generator Task</b></a>",
      "publisherId": "AzureArtifacts",
      "extensionId": "manifest-generator-task",
      "publisherName": "Microsoft",
      "License": "<a href='https://marketplace.visualstudio.com/items?itemName=AzureArtifacts.manifest-generator-task' target='_blank'>License Terms</a>"
    },
    {
      "extensionName": "Azure Pipelines Terraform Tasks",
      "link": "<a href='https://marketplace.visualstudio.com/items?itemName=charleszipp.azure-pipelines-tasks-terraform' target='_blank'><b>Azure Pipelines Terraform Tasks</b></a>",
      "publisherId": "charleszipp",
      "extensionId": "azure-pipelines-tasks-terraform",
      "publisherName": "Charles Zipp",
      "License": "<a href='https://marketplace.visualstudio.com/items?itemName=charleszipp.azure-pipelines-tasks-terraform' target='_blank'>License Terms</a>"
    },
    {
      "extensionName": "Repository banner (Prod)",
      "link": "<a href='https://marketplace.visualstudio.com/items?itemName=compliance-internals.onees-repository-banner-prod' target='_blank'><b>Repository banner (Prod)</b></a>",
      "publisherId": "compliance-internals",
      "extensionId": "onees-repository-banner-prod",
      "publisherName": "Compliance Internals",
      "License": "<a href='https://marketplace.visualstudio.com/items?itemName=compliance-internals.onees-repository-banner-prod' target='_blank'>License Terms</a>"
    },
    {
      "extensionName": "Product Catalog Inventory Extension",
      "link": "<a href='https://marketplace.visualstudio.com/items?itemName=compliance-internals.product-catalog-inventory-prod' target='_blank'><b>Product Catalog Inventory Extension</b></a>",
      "publisherId": "compliance-internals",
      "extensionId": "product-catalog-inventory-prod",
      "publisherName": "Compliance Internals",
      "License": "<a href='https://marketplace.visualstudio.com/items?itemName=compliance-internals.product-catalog-inventory-prod' target='_blank'>License Terms</a>"
    },
    {
      "extensionName": "Decompose",
      "link": "<a href='https://marketplace.visualstudio.com/items?itemName=cschleiden.decompose' target='_blank'><b>Decompose</b></a>",
      "publisherId": "cschleiden",
      "extensionId": "decompose",
      "publisherName": "Christopher Schleiden",
      "License": "<a href='https://marketplace.visualstudio.com/items?itemName=cschleiden.decompose' target='_blank'>License Terms</a>"
    },
    {
      "extensionName": "RegEx Match & Replace",
      "link": "<a href='https://marketplace.visualstudio.com/items?itemName=kasunkodagoda.regex-match-replace' target='_blank'><b>RegEx Match & Replace</b></a>",
      "publisherId": "kasunkodagoda",
      "extensionId": "regex-match-replace",
      "publisherName": "Kasun Kodagoda",
      "License": "<a href='https://marketplace.visualstudio.com/items?itemName=kasunkodagoda.regex-match-replace' target='_blank'>License Terms</a>"
    },
    {
      "extensionName": "ARM Outputs",
      "link": "<a href='https://marketplace.visualstudio.com/items?itemName=keesschollaart.arm-outputs' target='_blank'><b>ARM Outputs</b></a>",
      "publisherId": "keesschollaart",
      "extensionId": "arm-outputs",
      "publisherName": "Kees Schollaart",
      "License": "<a href='https://marketplace.visualstudio.com/items?itemName=keesschollaart.arm-outputs' target='_blank'>License Terms</a>"
    },
    {
      "extensionName": "Live Secrets Detection Extension",
      "link": "<a href='https://marketplace.visualstudio.com/items?itemName=merlinbot-internals.spam-analysis-prod' target='_blank'><b>Live Secrets Detection Extension</b></a>",
      "publisherId": "merlinbot-internals",
      "extensionId": "spam-analysis-prod",
      "publisherName": "MerlinBot",
      "License": "<a href='https://marketplace.visualstudio.com/items?itemName=merlinbot-internals.spam-analysis-prod' target='_blank'>License Terms</a>"
    },
    {
      "extensionName": "Power Platform Build Tools (2.0.15)",
      "link": "<a href='https://marketplace.visualstudio.com/items?itemName=microsoft-IsvExpTools.PowerPlatform-BuildTools' target='_blank'><b>Power Platform Build Tools (2.0.15)</b></a>",
      "publisherId": "microsoft-IsvExpTools",
      "extensionId": "PowerPlatform-BuildTools",
      "publisherName": "Microsoft",
      "License": "<a href='https://marketplace.visualstudio.com/items?itemName=microsoft-IsvExpTools.PowerPlatform-BuildTools' target='_blank'>License Terms</a>"
    },
    {
      "extensionName": "Azure Container Apps Deploy (Release Candidate)",
      "link": "<a href='https://marketplace.visualstudio.com/items?itemName=microsoft-oryx.AzureContainerAppsRC' target='_blank'><b>Azure Container Apps Deploy (Release Candidate)</b></a>",
      "publisherId": "microsoft-oryx",
      "extensionId": "AzureContainerAppsRC",
      "publisherName": "Oryx",
      "License": "<a href='https://marketplace.visualstudio.com/items?itemName=microsoft-oryx.AzureContainerAppsRC' target='_blank'>License Terms</a>"
    },
    {
      "extensionName": "Secure Supply Chain Analysis",
      "link": "<a href='https://marketplace.visualstudio.com/items?itemName=ms.nuget-security-analysis' target='_blank'><b>Secure Supply Chain Analysis</b></a>",
      "publisherId": "ms",
      "extensionId": "nuget-security-analysis",
      "publisherName": "Microsoft",
      "License": "<a href='https://marketplace.visualstudio.com/items?itemName=ms.nuget-security-analysis' target='_blank'>License Terms</a>"
    },
    {
      "extensionName": "Product Catalog",
      "link": "<a href='https://marketplace.visualstudio.com/items?itemName=ms.product-catalog' target='_blank'><b>Product Catalog</b></a>",
      "publisherId": "ms",
      "extensionId": "product-catalog",
      "publisherName": "Microsoft",
      "License": "<a href='https://marketplace.visualstudio.com/items?itemName=ms.product-catalog' target='_blank'>License Terms</a>"
    },
    {
      "extensionName": "Component Governance Build Task",
      "link": "<a href='https://marketplace.visualstudio.com/items?itemName=ms.vss-governance-buildtask' target='_blank'><b>Component Governance Build Task</b></a>",
      "publisherId": "ms",
      "extensionId": "vss-governance-buildtask",
      "publisherName": "Microsoft",
      "License": "<a href='https://marketplace.visualstudio.com/items?itemName=ms.vss-governance-buildtask' target='_blank'>License Terms</a>"
    },
    {
      "extensionName": "1ES GPT",
      "link": "<a href='https://marketplace.visualstudio.com/items?itemName=ms-1es.1es-gpt' target='_blank'><b>1ES GPT</b></a>",
      "publisherId": "ms-1es",
      "extensionId": "1es-gpt",
      "publisherName": "Microsoft",
      "License": "<a href='https://marketplace.visualstudio.com/items?itemName=ms-1es.1es-gpt' target='_blank'>License Terms</a>"
    },
    {
      "extensionName": "Azure DevTest Labs Tasks",
      "link": "<a href='https://marketplace.visualstudio.com/items?itemName=ms-azuredevtestlabs.tasks' target='_blank'><b>Azure DevTest Labs Tasks</b></a>",
      "publisherId": "ms-azuredevtestlabs",
      "extensionId": "tasks",
      "publisherName": "Microsoft",
      "License": "<a href='https://marketplace.visualstudio.com/items?itemName=ms-azuredevtestlabs.tasks' target='_blank'>License Terms</a>"
    },
    {
      "extensionName": "Microsoft Component Policies",
      "link": "<a href='https://marketplace.visualstudio.com/items?itemName=ms-compliance.microsoft-component-policies' target='_blank'><b>Microsoft Component Policies</b></a>",
      "publisherId": "ms-compliance",
      "extensionId": "microsoft-component-policies",
      "publisherName": "Compliance Partners",
      "License": "<a href='https://marketplace.visualstudio.com/items?itemName=ms-compliance.microsoft-component-policies' target='_blank'>License Terms</a>"
    },
    {
      "extensionName": "CodeQL 3000",
      "link": "<a href='https://marketplace.visualstudio.com/items?itemName=MS-CST-E.codeql-3000-release' target='_blank'><b>CodeQL 3000</b></a>",
      "publisherId": "MS-CST-E",
      "extensionId": "codeql-3000-release",
      "publisherName": "Microsoft DevLabs",
      "License": "<a href='https://marketplace.visualstudio.com/items?itemName=MS-CST-E.codeql-3000-release' target='_blank'>License Terms</a>"
    },
    {
      "extensionName": "Terraform",
      "link": "<a href='https://marketplace.visualstudio.com/items?itemName=ms-devlabs.custom-terraform-tasks' target='_blank'><b>Terraform</b></a>",
      "publisherId": "ms-devlabs",
      "extensionId": "custom-terraform-tasks",
      "publisherName": "Microsoft DevLabs",
      "License": "<a href='https://marketplace.visualstudio.com/items?itemName=ms-devlabs.custom-terraform-tasks' target='_blank'>License Terms</a>"
    },
    {
      "extensionName": "Estimate",
      "link": "<a href='https://marketplace.visualstudio.com/items?itemName=ms-devlabs.estimate' target='_blank'><b>Estimate</b></a>",
      "publisherId": "ms-devlabs",
      "extensionId": "estimate",
      "publisherName": "Microsoft DevLabs",
      "License": "<a href='https://marketplace.visualstudio.com/items?itemName=ms-devlabs.estimate' target='_blank'>License Terms</a>"
    },
    {
      "extensionName": "Team Project Health",
      "link": "<a href='https://marketplace.visualstudio.com/items?itemName=ms-devlabs.TeamProjectHealth' target='_blank'><b>Team Project Health</b></a>",
      "publisherId": "ms-devlabs",
      "extensionId": "TeamProjectHealth",
      "publisherName": "Microsoft DevLabs",
      "License": "<a href='https://marketplace.visualstudio.com/items?itemName=ms-devlabs.TeamProjectHealth' target='_blank'>License Terms</a>"
    },
    {
      "extensionName": "Ansible",
      "link": "<a href='https://marketplace.visualstudio.com/items?itemName=ms-vscs-rm.vss-services-ansible' target='_blank'><b>Ansible</b></a>",
      "publisherId": "ms-vscs-rm",
      "extensionId": "vss-services-ansible",
      "publisherName": "Microsoft",
      "License": "<a href='https://marketplace.visualstudio.com/items?itemName=ms-vscs-rm.vss-services-ansible' target='_blank'>License Terms</a>"
    },
    {
      "extensionName": "Release Web Smoke Test",
      "link": "<a href='https://marketplace.visualstudio.com/items?itemName=OneLuckiDev.release-web-smoke-test-task' target='_blank'><b>Release Web Smoke Test</b></a>",
      "publisherId": "OneLuckiDev",
      "extensionId": "release-web-smoke-test-task",
      "publisherName": "Jeff Przylucki",
      "License": "<a href='https://marketplace.visualstudio.com/items?itemName=OneLuckiDev.release-web-smoke-test-task' target='_blank'>License Terms</a>"
    },
    {
      "extensionName": "Replace Tokens",
      "link": "<a href='https://marketplace.visualstudio.com/items?itemName=qetza.replacetokens' target='_blank'><b>Replace Tokens</b></a>",
      "publisherId": "qetza",
      "extensionId": "replacetokens",
      "publisherName": "Guillaume Rouchon",
      "License": "<a href='https://marketplace.visualstudio.com/items?itemName=qetza.replacetokens' target='_blank'>License Terms</a>"
    },
    {
      "extensionName": "Packer",
      "link": "<a href='https://marketplace.visualstudio.com/items?itemName=riezebosch.Packer' target='_blank'><b>Packer</b></a>",
      "publisherId": "riezebosch",
      "extensionId": "Packer",
      "publisherName": "riezebosch",
      "License": "<a href='https://marketplace.visualstudio.com/items?itemName=riezebosch.Packer' target='_blank'>License Terms</a>"
    },
    {
      "extensionName": "SARIF SAST Scans Tab",
      "link": "<a href='https://marketplace.visualstudio.com/items?itemName=sariftools.scans' target='_blank'><b>SARIF SAST Scans Tab</b></a>",
      "publisherId": "sariftools",
      "extensionId": "scans",
      "publisherName": "Microsoft DevLabs",
      "License": "<a href='https://marketplace.visualstudio.com/items?itemName=sariftools.scans' target='_blank'>License Terms</a>"
    },
    {
      "extensionName": "SonarQube",
      "link": "<a href='https://marketplace.visualstudio.com/items?itemName=SonarSource.sonarqube' target='_blank'><b>SonarQube</b></a>",
      "publisherId": "SonarSource",
      "extensionId": "sonarqube",
      "publisherName": "SonarSource",
      "License": "<a href='https://marketplace.visualstudio.com/items?itemName=SonarSource.sonarqube' target='_blank'>License Terms</a>"
    },
    {
      "extensionName": "Kubernetes extension",
      "link": "<a href='https://marketplace.visualstudio.com/items?itemName=tsuyoshiushio.k8s-endpoint' target='_blank'><b>Kubernetes extension</b></a>",
      "publisherId": "tsuyoshiushio",
      "extensionId": "k8s-endpoint",
      "publisherName": "Tsuyoshi Ushio",
      "License": "<a href='https://marketplace.visualstudio.com/items?itemName=tsuyoshiushio.k8s-endpoint' target='_blank'>License Terms</a>"
    },
    {
      "extensionName": "Compliance Tools",
      "link": "<a href='https://marketplace.visualstudio.com/items?itemName=ms.vss-compliance-web' target='_blank'><b>Compliance Tools</b></a>",
      "publisherId": "ms",
      "extensionId": "vss-compliance-web",
      "publisherName": "Microsoft",
      "License": "<a href='https://marketplace.visualstudio.com/items?itemName=ms.vss-compliance-web' target='_blank'>License Terms</a>"
    },
    {
      "extensionName": "Component Governance",
      "link": "<a href='https://marketplace.visualstudio.com/items?itemName=ms.vss-governance-web' target='_blank'><b>Component Governance</b></a>",
      "publisherId": "ms",
      "extensionId": "vss-governance-web",
      "publisherName": "Microsoft",
      "License": "<a href='https://marketplace.visualstudio.com/items?itemName=ms.vss-governance-web' target='_blank'>License Terms</a>"
    }
  ]
}